Date,Open,High,Low,Close,Adj Close,Volume
31-Dec-21,"1,649.98","1,655.44","1,643.85","1,643.92","1,643.92","122,100,900"
30-Dec-21,"1,648.34","1,656.89","1,648.34","1,650.43","1,650.43","120,142,200"
29-Dec-21,"1,638.48","1,651.11","1,636.35","1,647.76","1,647.76","128,476,800"
28-Dec-21,"1,642.72","1,647.22","1,634.49","1,637.97","1,637.97","131,304,400"
27-Dec-21,"1,625.88","1,642.79","1,625.88","1,642.59","1,642.59","134,065,500"
23-Dec-21,"1,619.65","1,630.84","1,618.63","1,625.57","1,625.57","156,471,400"
22-Dec-21,"1,599.76","1,620.04","1,597.16","1,618.99","1,618.99","206,269,700"
21-Dec-21,"1,594.54","1,601.11","1,583.91","1,600.27","1,600.27","236,619,800"
20-Dec-21,"1,605.29","1,605.29","1,580.43","1,593.56","1,593.56","271,697,100"
17-Dec-21,"1,615.40","1,616.77","1,597.84","1,603.75","1,603.75","468,491,000"
16-Dec-21,"1,605.86","1,623.15","1,603.46","1,614.64","1,614.64","283,356,600"
15-Dec-21,"1,571.51","1,606.22","1,571.51","1,605.36","1,605.36","285,585,900"
14-Dec-21,"1,577.06","1,581.04","1,565.27","1,572.25","1,572.25","234,631,200"
13-Dec-21,"1,564.71","1,584.66","1,564.71","1,579.84","1,579.84","223,924,300"
10-Dec-21,"1,554.69","1,568.48","1,554.69","1,565.37","1,565.37","184,496,500"
9-Dec-21,"1,555.60","1,565.07","1,553.92","1,559.61","1,559.61","193,007,500"
8-Dec-21,"1,546.39","1,557.49","1,541.85","1,555.80","1,555.80","181,935,900"
7-Dec-21,"1,527.78","1,548.54","1,527.78","1,544.33","1,544.33","209,403,600"
6-Dec-21,"1,515.79","1,531.57","1,515.79","1,525.25","1,525.25","249,063,000"
3-Dec-21,"1,516.06","1,529.48","1,504.53","1,517.43","1,517.43","215,033,500"
2-Dec-21,"1,506.52","1,520.16","1,500.28","1,513.59","1,513.59","240,779,600"
1-Dec-21,"1,509.15","1,537.18","1,507.44","1,507.59","1,507.59","272,305,700"
30-Nov-21,"1,537.15","1,538.24","1,507.63","1,510.45","1,510.45","387,616,200"
29-Nov-21,"1,537.44","1,550.30","1,537.44","1,540.15","1,540.15","304,610,900"
26-Nov-21,"1,545.69","1,555.60","1,530.89","1,534.35","1,534.35","236,023,300"
24-Nov-21,"1,541.44","1,543.88","1,534.16","1,541.25","1,541.25","155,238,000"
23-Nov-21,"1,537.06","1,543.52","1,529.54","1,541.86","1,541.86","186,649,800"
22-Nov-21,"1,547.15","1,554.83","1,539.16","1,540.50","1,540.50","188,498,500"
19-Nov-21,"1,560.38","1,567.69","1,547.26","1,547.73","1,547.73","224,405,800"
18-Nov-21,"1,558.22","1,562.01","1,552.62","1,557.78","1,557.78","179,824,300"
17-Nov-21,"1,554.78","1,563.25","1,550.76","1,556.87","1,556.87","180,132,500"
16-Nov-21,"1,547.82","1,563.38","1,545.53","1,554.34","1,554.34","165,111,900"
15-Nov-21,"1,558.72","1,560.67","1,547.11","1,548.39","1,548.39","156,710,800"
12-Nov-21,"1,552.92","1,562.66","1,550.20","1,558.37","1,558.37","174,518,700"
11-Nov-21,"1,555.64","1,556.25","1,547.50","1,551.77","1,551.77","160,370,600"
10-Nov-21,"1,550.28","1,561.55","1,550.28","1,555.36","1,555.36","178,041,900"
9-Nov-21,"1,557.80","1,558.79","1,548.11","1,551.27","1,551.27","165,685,900"
8-Nov-21,"1,548.84","1,558.64","1,545.15","1,557.10","1,557.10","213,950,400"
5-Nov-21,"1,563.85","1,563.85","1,536.70","1,548.87","1,548.87","429,521,700"
4-Nov-21,"1,571.54","1,573.15","1,554.44","1,564.98","1,564.98","221,048,800"
3-Nov-21,"1,565.88","1,577.07","1,558.87","1,576.90","1,576.90","220,404,700"
2-Nov-21,"1,561.01","1,575.03","1,551.16","1,566.99","1,566.99","248,263,000"
1-Nov-21,"1,559.58","1,567.38","1,551.76","1,557.20","1,557.20","181,734,200"
29-Oct-21,"1,542.82","1,560.92","1,536.81","1,559.32","1,559.32","222,998,300"
28-Oct-21,"1,530.62","1,549.86","1,530.62","1,544.66","1,544.66","182,156,200"
27-Oct-21,"1,544.80","1,547.80","1,531.40","1,531.46","1,531.46","165,728,400"
26-Oct-21,"1,538.66","1,548.20","1,531.16","1,544.00","1,544.00","160,169,200"
25-Oct-21,"1,534.76","1,537.78","1,523.37","1,535.83","1,535.83","156,491,700"
22-Oct-21,"1,528.02","1,534.90","1,524.59","1,534.41","1,534.41","120,613,900"
21-Oct-21,"1,522.48","1,528.97","1,514.29","1,528.68","1,528.68","137,278,700"
20-Oct-21,"1,503.26","1,524.49","1,503.26","1,521.99","1,521.99","160,310,500"
19-Oct-21,"1,484.57","1,504.32","1,484.57","1,500.23","1,500.23","149,139,500"
18-Oct-21,"1,490.66","1,490.66","1,475.06","1,480.83","1,480.83","164,770,700"
15-Oct-21,"1,486.08","1,497.95","1,486.08","1,491.56","1,491.56","175,026,900"
14-Oct-21,"1,465.96","1,489.69","1,465.96","1,484.19","1,484.19","165,205,100"
13-Oct-21,"1,463.00","1,469.79","1,455.46","1,463.28","1,463.28","156,686,400"
12-Oct-21,"1,470.69","1,474.92","1,458.13","1,462.02","1,462.02","144,171,300"
11-Oct-21,"1,478.43","1,486.65","1,468.36","1,468.99","1,468.99","119,251,900"
8-Oct-21,"1,488.55","1,492.04","1,477.78","1,480.10","1,480.10","146,556,800"
7-Oct-21,"1,470.03","1,497.43","1,470.03","1,487.16","1,487.16","159,999,000"
6-Oct-21,"1,468.53","1,469.43","1,452.11","1,469.07","1,469.07","180,972,600"
5-Oct-21,"1,465.40","1,485.88","1,465.40","1,471.37","1,471.37","183,794,200"
4-Oct-21,"1,481.91","1,486.43","1,455.31","1,462.89","1,462.89","243,718,800"
1-Oct-21,"1,481.17","1,491.72","1,461.47","1,485.00","1,485.00","312,510,200"
30-Sep-21,"1,506.16","1,517.05","1,483.74","1,483.99","1,483.99","182,245,700"
29-Sep-21,"1,493.60","1,510.13","1,493.60","1,503.25","1,503.25","148,631,100"
28-Sep-21,"1,514.41","1,514.41","1,486.90","1,491.77","1,491.77","189,332,300"
27-Sep-21,"1,537.23","1,537.23","1,514.80","1,517.58","1,517.58","151,125,200"
24-Sep-21,"1,545.15","1,548.89","1,536.54","1,539.56","1,539.56","128,502,700"
23-Sep-21,"1,534.79","1,554.98","1,534.79","1,546.09","1,546.09","149,254,400"
22-Sep-21,"1,534.12","1,542.83","1,528.13","1,534.22","1,534.22","150,795,800"
21-Sep-21,"1,533.69","1,547.91","1,532.85","1,532.87","1,532.87","149,654,400"
20-Sep-21,"1,542.73","1,543.39","1,517.21","1,530.65","1,530.65","207,907,500"
17-Sep-21,"1,544.34","1,547.46","1,536.94","1,545.73","1,545.73","390,939,300"
16-Sep-21,"1,549.11","1,553.64","1,534.62","1,544.60","1,544.60","154,338,500"
15-Sep-21,"1,536.98","1,555.78","1,534.78","1,548.43","1,548.43","177,545,600"
14-Sep-21,"1,541.66","1,549.57","1,536.06","1,537.91","1,537.91","163,747,800"
13-Sep-21,"1,550.27","1,557.49","1,532.21","1,539.73","1,539.73","190,869,200"
10-Sep-21,"1,565.77","1,570.65","1,549.05","1,549.18","1,549.18","167,624,100"
9-Sep-21,"1,582.63","1,583.78","1,563.39","1,563.83","1,563.83","177,010,300"
8-Sep-21,"1,583.04","1,585.01","1,576.77","1,582.35","1,582.35","140,776,900"
7-Sep-21,"1,590.87","1,590.87","1,573.32","1,583.58","1,583.58","165,615,700"
3-Sep-21,"1,590.67","1,594.93","1,582.15","1,592.61","1,592.61","131,980,900"
2-Sep-21,"1,577.38","1,590.92","1,577.38","1,590.92","1,590.92","156,845,100"
1-Sep-21,"1,573.93","1,574.41","1,559.64","1,573.95","1,573.95","218,276,900"
31-Aug-21,"1,575.94","1,583.45","1,568.22","1,573.61","1,573.61","191,026,300"
30-Aug-21,"1,563.96","1,581.26","1,563.96","1,575.60","1,575.60","135,778,400"
27-Aug-21,"1,569.72","1,576.48","1,564.64","1,566.06","1,566.06","141,296,500"
26-Aug-21,"1,574.77","1,578.98","1,565.93","1,568.63","1,568.63","134,148,200"
25-Aug-21,"1,578.44","1,578.44","1,568.78","1,574.93","1,574.93","168,151,700"
24-Aug-21,"1,583.81","1,584.15","1,575.09","1,578.96","1,578.96","174,767,000"
23-Aug-21,"1,588.00","1,594.07","1,584.23","1,584.42","1,584.42","215,832,700"
20-Aug-21,"1,577.21","1,589.67","1,573.62","1,584.73","1,584.73","156,199,400"
19-Aug-21,"1,564.71","1,584.14","1,558.11","1,576.66","1,576.66","189,928,600"
18-Aug-21,"1,592.06","1,592.76","1,568.16","1,569.02","1,569.02","228,388,400"
17-Aug-21,"1,571.71","1,592.56","1,570.29","1,592.32","1,592.32","220,705,100"
16-Aug-21,"1,556.85","1,574.89","1,551.54","1,574.69","1,574.69","178,913,000"
13-Aug-21,"1,549.44","1,557.28","1,549.44","1,557.13","1,557.13","143,938,900"
12-Aug-21,"1,537.50","1,548.67","1,535.59","1,547.82","1,547.82","175,487,200"
11-Aug-21,"1,549.95","1,555.49","1,534.53","1,536.02","1,536.02","229,371,500"
10-Aug-21,"1,555.04","1,558.47","1,545.04","1,551.06","1,551.06","254,120,000"
9-Aug-21,"1,549.48","1,557.63","1,549.48","1,554.79","1,554.79","194,911,200"
6-Aug-21,"1,550.73","1,550.73","1,538.97","1,548.95","1,548.95","156,599,000"
5-Aug-21,"1,554.09","1,554.65","1,538.40","1,550.57","1,550.57","201,158,000"
4-Aug-21,"1,560.76","1,566.48","1,555.00","1,556.43","1,556.43","222,363,100"
3-Aug-21,"1,540.90","1,563.18","1,540.90","1,562.97","1,562.97","199,272,700"
2-Aug-21,"1,541.01","1,547.37","1,537.20","1,541.20","1,541.20","172,606,100"
30-Jul-21,"1,537.43","1,544.82","1,533.54","1,538.58","1,538.58","184,517,000"
29-Jul-21,"1,535.01","1,540.36","1,533.60","1,537.42","1,537.42","157,980,800"
28-Jul-21,"1,529.37","1,539.20","1,523.30","1,534.57","1,534.57","193,308,700"
27-Jul-21,"1,521.33","1,529.10","1,516.29","1,528.70","1,528.70","180,076,400"
26-Jul-21,"1,530.96","1,531.95","1,517.27","1,522.03","1,522.03","149,542,500"
23-Jul-21,"1,515.49","1,533.59","1,515.49","1,531.58","1,531.58","144,034,500"
22-Jul-21,"1,503.46","1,514.07","1,501.24","1,513.77","1,513.77","140,283,400"
21-Jul-21,"1,501.78","1,507.25","1,487.76","1,503.77","1,503.77","176,605,300"
20-Jul-21,"1,483.45","1,509.30","1,483.45","1,500.69","1,500.69","286,087,400"
19-Jul-21,"1,497.41","1,497.41","1,471.23","1,482.87","1,482.87","184,598,700"
16-Jul-21,"1,496.25","1,504.28","1,494.13","1,498.96","1,498.96","153,598,300"
15-Jul-21,"1,498.62","1,498.62","1,485.58","1,495.65","1,495.65","149,727,700"
14-Jul-21,"1,502.50","1,505.43","1,497.44","1,499.48","1,499.48","128,318,200"
13-Jul-21,"1,503.73","1,507.62","1,499.04","1,502.55","1,502.55","114,011,700"
12-Jul-21,"1,501.07","1,511.26","1,500.63","1,504.15","1,504.15","142,587,300"
9-Jul-21,"1,497.94","1,505.62","1,497.94","1,501.46","1,501.46","141,283,900"
8-Jul-21,"1,498.45","1,498.45","1,482.22","1,496.08","1,496.08","144,113,900"
7-Jul-21,"1,494.63","1,503.57","1,489.38","1,503.20","1,503.20","141,631,400"
6-Jul-21,"1,494.58","1,494.58","1,484.22","1,494.01","1,494.01","150,973,900"
2-Jul-21,"1,483.04","1,497.26","1,481.11","1,495.32","1,495.32","127,683,300"
1-Jul-21,"1,469.24","1,482.60","1,469.24","1,482.54","1,482.54","150,828,700"
30-Jun-21,"1,469.85","1,471.88","1,463.61","1,468.94","1,468.94","151,096,300"
29-Jun-21,"1,468.72","1,474.37","1,466.74","1,469.58","1,469.58","125,385,900"
28-Jun-21,"1,466.91","1,470.27","1,462.99","1,468.58","1,468.58","146,375,800"
25-Jun-21,"1,459.45","1,470.42","1,458.67","1,466.12","1,466.12","293,106,000"
24-Jun-21,"1,456.96","1,469.42","1,456.96","1,459.44","1,459.44","148,922,800"
23-Jun-21,"1,458.38","1,458.38","1,451.95","1,452.04","1,452.04","134,802,900"
22-Jun-21,"1,455.67","1,460.40","1,451.49","1,458.77","1,458.77","141,569,400"
21-Jun-21,"1,437.19","1,457.86","1,437.19","1,455.73","1,455.73","147,607,200"
18-Jun-21,"1,447.22","1,447.22","1,436.65","1,437.17","1,437.17","277,421,700"
17-Jun-21,"1,442.18","1,458.81","1,440.94","1,454.88","1,454.88","174,700,200"
16-Jun-21,"1,448.86","1,458.30","1,440.23","1,443.45","1,443.45","179,018,800"
15-Jun-21,"1,450.06","1,452.80","1,443.74","1,449.02","1,449.02","150,045,500"
14-Jun-21,"1,447.43","1,449.62","1,439.16","1,449.39","1,449.39","144,900,200"
11-Jun-21,"1,457.24","1,458.46","1,441.46","1,448.24","1,448.24","176,617,900"
10-Jun-21,"1,436.33","1,460.55","1,436.33","1,458.85","1,458.85","204,211,100"
9-Jun-21,"1,421.88","1,436.80","1,421.88","1,434.66","1,434.66","181,213,700"
8-Jun-21,"1,425.98","1,429.30","1,410.03","1,420.48","1,420.48","184,486,700"
7-Jun-21,"1,421.32","1,437.78","1,421.32","1,425.60","1,425.60","208,365,400"
4-Jun-21,"1,419.14","1,427.29","1,419.14","1,420.85","1,420.85","150,029,500"
3-Jun-21,"1,406.69","1,419.56","1,403.68","1,416.33","1,416.33","175,395,700"
2-Jun-21,"1,414.18","1,419.15","1,408.46","1,410.72","1,410.72","169,613,200"
1-Jun-21,"1,438.33","1,443.81","1,413.30","1,413.81","1,413.81","194,862,500"
28-May-21,"1,434.16","1,449.84","1,434.16","1,437.44","1,437.44","139,484,300"
27-May-21,"1,435.88","1,439.86","1,431.69","1,433.16","1,433.16","269,202,500"
26-May-21,"1,443.93","1,443.93","1,429.34","1,435.48","1,435.48","174,656,400"
25-May-21,"1,448.23","1,450.03","1,442.34","1,443.59","1,443.59","166,253,600"
24-May-21,"1,448.82","1,457.09","1,447.66","1,447.97","1,447.97","136,949,200"
21-May-21,"1,448.22","1,462.53","1,446.65","1,447.14","1,447.14","156,390,300"
20-May-21,"1,432.93","1,453.30","1,432.93","1,447.62","1,447.62","154,127,100"
19-May-21,"1,432.72","1,433.23","1,415.84","1,432.71","1,432.71","160,587,800"
18-May-21,"1,435.11","1,443.14","1,429.37","1,434.77","1,434.77","146,690,000"
17-May-21,"1,436.40","1,441.93","1,433.67","1,434.08","1,434.08","141,104,600"
14-May-21,"1,432.55","1,441.78","1,432.55","1,436.47","1,436.47","129,593,600"
13-May-21,"1,417.07","1,436.52","1,417.07","1,430.99","1,430.99","154,427,900"
12-May-21,"1,431.06","1,431.06","1,416.19","1,417.53","1,417.53","182,002,000"
11-May-21,"1,444.58","1,444.94","1,428.05","1,431.91","1,431.91","180,686,600"
10-May-21,"1,446.18","1,457.86","1,445.94","1,446.02","1,446.02","199,494,600"
7-May-21,"1,434.81","1,452.18","1,434.81","1,444.60","1,444.60","176,151,000"
6-May-21,"1,429.62","1,434.77","1,417.62","1,434.29","1,434.29","208,887,100"
5-May-21,"1,431.00","1,437.97","1,426.43","1,433.22","1,433.22","192,651,700"
4-May-21,"1,429.60","1,431.74","1,421.49","1,429.98","1,429.98","235,871,200"
3-May-21,"1,414.36","1,431.11","1,414.36","1,429.43","1,429.43","192,096,800"
30-Apr-21,"1,416.88","1,420.23","1,411.05","1,412.92","1,412.92","204,936,600"
29-Apr-21,"1,422.98","1,424.96","1,410.24","1,417.49","1,417.49","197,396,800"
28-Apr-21,"1,425.28","1,427.00","1,421.56","1,423.00","1,423.00","159,590,700"
27-Apr-21,"1,433.39","1,433.39","1,425.72","1,427.98","1,427.98","153,317,100"
26-Apr-21,"1,440.84","1,440.84","1,433.57","1,435.26","1,435.26","138,419,600"
23-Apr-21,"1,430.78","1,444.21","1,427.96","1,440.34","1,440.34","147,799,800"
22-Apr-21,"1,435.84","1,440.10","1,426.31","1,431.16","1,431.16","178,232,300"
21-Apr-21,"1,422.33","1,438.69","1,422.33","1,437.30","1,437.30","164,490,400"
20-Apr-21,"1,414.73","1,424.64","1,409.13","1,421.13","1,421.13","169,920,500"
19-Apr-21,"1,415.03","1,416.05","1,408.96","1,415.09","1,415.09","159,094,400"
16-Apr-21,"1,406.20","1,416.92","1,406.20","1,415.24","1,415.24","223,604,400"
15-Apr-21,"1,382.68","1,408.95","1,382.68","1,404.75","1,404.75","162,700,000"
14-Apr-21,"1,382.60","1,386.69","1,378.84","1,380.68","1,380.68","141,811,600"
13-Apr-21,"1,371.70","1,385.77","1,371.70","1,382.34","1,382.34","172,083,600"
12-Apr-21,"1,375.18","1,379.29","1,372.19","1,376.24","1,376.24","147,805,800"
9-Apr-21,"1,360.35","1,375.82","1,360.35","1,375.56","1,375.56","147,818,700"
8-Apr-21,"1,359.49","1,366.11","1,358.54","1,359.72","1,359.72","139,860,400"
7-Apr-21,"1,361.14","1,364.96","1,354.56","1,358.17","1,358.17","146,322,600"
6-Apr-21,"1,368.17","1,371.99","1,359.22","1,361.46","1,361.46","156,717,100"
5-Apr-21,"1,358.38","1,370.74","1,358.38","1,366.35","1,366.35","149,748,600"
1-Apr-21,"1,360.41","1,364.55","1,352.81","1,357.40","1,357.40","146,921,800"
31-Mar-21,"1,358.63","1,369.38","1,358.63","1,360.34","1,360.34","187,549,600"
30-Mar-21,"1,370.36","1,370.36","1,355.70","1,358.45","1,358.45","155,264,700"
29-Mar-21,"1,364.97","1,375.81","1,358.99","1,370.87","1,370.87","157,708,400"
26-Mar-21,"1,340.57","1,366.50","1,339.76","1,365.45","1,365.45","167,561,800"
25-Mar-21,"1,335.24","1,342.02","1,322.16","1,338.97","1,338.97","161,797,300"
24-Mar-21,"1,335.80","1,344.34","1,334.59","1,334.81","1,334.81","163,222,400"
23-Mar-21,"1,348.23","1,349.65","1,332.31","1,335.59","1,335.59","164,650,500"
22-Mar-21,"1,337.39","1,350.06","1,329.54","1,349.51","1,349.51","162,893,800"
19-Mar-21,"1,333.13","1,345.39","1,327.60","1,337.41","1,337.41","345,914,500"
18-Mar-21,"1,334.08","1,343.81","1,328.67","1,332.61","1,332.61","174,091,200"
17-Mar-21,"1,339.92","1,341.37","1,327.71","1,335.15","1,335.15","203,726,000"
16-Mar-21,"1,341.28","1,345.17","1,335.72","1,340.61","1,340.61","165,211,300"
15-Mar-21,"1,329.50","1,341.62","1,328.52","1,341.12","1,341.12","176,454,800"
12-Mar-21,"1,329.05","1,333.95","1,324.65","1,332.42","1,332.42","142,308,400"
11-Mar-21,"1,323.62","1,337.69","1,323.62","1,330.59","1,330.59","164,836,300"
10-Mar-21,"1,320.68","1,335.56","1,320.68","1,322.33","1,322.33","185,904,800"
9-Mar-21,"1,313.38","1,340.12","1,310.79","1,319.47","1,319.47","195,381,400"
8-Mar-21,"1,314.85","1,332.65","1,310.79","1,311.39","1,311.39","186,945,600"
5-Mar-21,"1,290.72","1,319.22","1,286.97","1,315.13","1,315.13","210,857,000"
4-Mar-21,"1,306.97","1,312.43","1,279.42","1,289.06","1,289.06","248,712,700"
3-Mar-21,"1,323.19","1,323.19","1,304.23","1,306.45","1,306.45","212,634,000"
2-Mar-21,"1,327.64","1,333.75","1,322.67","1,324.03","1,324.03","173,263,200"
1-Mar-21,"1,315.30","1,333.73","1,315.30","1,327.31","1,327.31","181,581,200"
26-Feb-21,"1,321.94","1,325.97","1,307.67","1,311.27","1,311.27","253,928,100"
25-Feb-21,"1,335.05","1,338.22","1,315.42","1,321.95","1,321.95","196,672,900"
24-Feb-21,"1,327.03","1,342.65","1,323.40","1,335.20","1,335.20","191,239,700"
23-Feb-21,"1,328.32","1,335.13","1,320.01","1,326.48","1,326.48","221,614,100"
22-Feb-21,"1,330.39","1,332.33","1,316.76","1,328.53","1,328.53","219,416,000"
19-Feb-21,"1,348.50","1,349.78","1,331.46","1,332.52","1,332.52","199,342,700"
18-Feb-21,"1,355.36","1,355.36","1,343.30","1,347.97","1,347.97","165,184,400"
17-Feb-21,"1,350.16","1,357.57","1,346.01","1,356.79","1,356.79","172,389,300"
16-Feb-21,"1,366.52","1,368.59","1,348.03","1,351.99","1,351.99","192,855,200"
12-Feb-21,"1,355.79","1,367.17","1,351.41","1,365.94","1,365.94","149,140,300"
11-Feb-21,"1,354.72","1,358.92","1,349.57","1,355.74","1,355.74","146,880,900"
10-Feb-21,"1,355.19","1,359.77","1,348.88","1,353.55","1,353.55","172,498,900"
9-Feb-21,"1,349.85","1,352.21","1,347.68","1,351.29","1,351.29","171,991,800"
8-Feb-21,"1,348.43","1,354.43","1,345.32","1,349.60","1,349.60","187,721,000"
5-Feb-21,"1,345.45","1,355.82","1,344.39","1,347.65","1,347.65","206,493,200"
4-Feb-21,"1,337.66","1,350.66","1,337.31","1,344.26","1,344.26","216,099,300"
3-Feb-21,"1,349.58","1,349.77","1,335.44","1,339.46","1,339.46","213,527,200"
2-Feb-21,"1,347.07","1,362.35","1,347.07","1,348.92","1,348.92","253,091,800"
1-Feb-21,"1,343.56","1,355.72","1,343.33","1,345.17","1,345.17","195,246,900"
29-Jan-21,"1,353.08","1,368.24","1,329.53","1,340.92","1,340.92","277,637,000"
28-Jan-21,"1,334.09","1,368.24","1,334.09","1,352.11","1,352.11","219,892,500"
27-Jan-21,"1,371.94","1,371.94","1,329.51","1,332.42","1,332.42","266,882,600"
26-Jan-21,"1,380.39","1,386.94","1,373.82","1,374.40","1,374.40","154,710,600"
25-Jan-21,"1,370.66","1,380.19","1,368.96","1,379.86","1,379.86","165,435,500"
22-Jan-21,"1,374.74","1,378.13","1,369.01","1,370.90","1,370.90","149,083,100"
21-Jan-21,"1,380.43","1,380.44","1,370.42","1,374.72","1,374.72","183,841,400"
20-Jan-21,"1,374.19","1,383.55","1,368.44","1,381.65","1,381.65","174,016,600"
19-Jan-21,"1,367.33","1,378.19","1,366.89","1,373.74","1,373.74","189,349,800"
15-Jan-21,"1,358.17","1,366.56","1,350.56","1,363.26","1,363.26","208,832,500"
14-Jan-21,"1,364.62","1,370.86","1,357.74","1,358.91","1,358.91","214,585,100"
13-Jan-21,"1,360.30","1,369.12","1,355.34","1,364.15","1,364.15","173,855,300"
12-Jan-21,"1,375.63","1,377.95","1,354.93","1,360.72","1,360.72","203,593,200"
11-Jan-21,"1,372.98","1,377.95","1,368.21","1,375.46","1,375.46","196,435,100"
8-Jan-21,"1,363.71","1,375.07","1,345.67","1,368.54","1,368.54","174,328,600"
7-Jan-21,"1,345.99","1,364.67","1,345.67","1,362.09","1,362.09","180,758,900"
6-Jan-21,"1,344.35","1,344.35","1,344.35","1,344.35","1,344.35","184,003,450"
5-Jan-21,"1,315.91","1,331.38","1,310.10","1,325.67","1,325.67","187,248,000"
4-Jan-21,"1,324.57","1,328.66","1,296.42","1,316.89","1,316.89","218,506,800"
31-Dec-20,"1,309.31","1,325.21","1,305.53","1,324.01","1,324.01","136,352,800"
30-Dec-20,"1,311.18","1,316.91","1,308.50","1,309.08","1,309.08","117,325,800"
29-Dec-20,"1,308.34","1,315.64","1,305.71","1,309.07","1,309.07","116,713,300"
28-Dec-20,"1,304.00","1,309.83","1,300.45","1,303.37","1,303.37","116,688,100"
24-Dec-20,"1,297.32","1,302.87","1,295.97","1,299.88","1,299.88","54,431,100"
23-Dec-20,"1,299.16","1,306.57","1,296.71","1,296.78","1,296.78","136,554,800"
22-Dec-20,"1,298.88","1,300.49","1,289.12","1,295.75","1,295.75","161,497,700"
21-Dec-20,"1,307.94","1,307.94","1,276.94","1,299.99","1,299.99","192,275,300"
18-Dec-20,"1,312.57","1,316.00","1,299.53","1,312.65","1,312.65","375,493,900"
17-Dec-20,"1,300.16","1,313.02","1,300.16","1,312.28","1,312.28","211,244,800"
16-Dec-20,"1,302.09","1,305.53","1,293.11","1,297.69","1,297.69","211,214,800"
15-Dec-20,"1,291.57","1,304.74","1,290.19","1,302.04","1,302.04","238,562,000"
14-Dec-20,"1,304.48","1,314.42","1,288.11","1,288.29","1,288.29","278,288,100"
11-Dec-20,"1,301.75","1,301.75","1,290.26","1,298.49","1,298.49","203,338,800"
10-Dec-20,"1,305.89","1,310.88","1,301.24","1,303.91","1,303.91","190,042,200"
9-Dec-20,"1,311.95","1,316.01","1,300.26","1,306.48","1,306.48","237,753,300"
8-Dec-20,"1,300.40","1,311.57","1,298.92","1,310.26","1,310.26","231,853,200"
7-Dec-20,"1,308.51","1,308.61","1,296.23","1,300.77","1,300.77","190,102,600"
4-Dec-20,"1,294.46","1,308.89","1,293.40","1,308.88","1,308.88","191,906,100"
3-Dec-20,"1,296.72","1,300.32","1,290.02","1,294.77","1,294.77","231,065,000"
2-Dec-20,"1,288.00","1,299.08","1,288.00","1,296.94","1,296.94","236,052,500"
1-Dec-20,"1,283.54","1,301.30","1,283.54","1,286.61","1,286.61","236,047,900"
30-Nov-20,"1,274.21","1,277.71","1,267.47","1,276.31","1,276.31","316,596,200"
27-Nov-20,"1,263.80","1,274.02","1,262.42","1,272.68","1,272.68","101,391,500"
25-Nov-20,"1,266.19","1,267.77","1,256.24","1,260.66","1,260.66","165,260,300"
24-Nov-20,"1,264.05","1,274.57","1,262.18","1,266.01","1,266.01","239,385,700"
23-Nov-20,"1,268.81","1,272.34","1,254.54","1,262.42","1,262.42","203,890,600"
20-Nov-20,"1,268.08","1,272.24","1,262.45","1,266.25","1,266.25","243,101,100"
19-Nov-20,"1,270.52","1,271.17","1,260.15","1,268.74","1,268.74","219,835,300"
18-Nov-20,"1,296.54","1,296.82","1,270.40","1,270.51","1,270.51","250,920,600"
17-Nov-20,"1,298.76","1,298.88","1,288.53","1,293.30","1,293.30","294,692,100"
16-Nov-20,"1,309.99","1,314.03","1,296.74","1,302.87","1,302.87","226,931,900"
13-Nov-20,"1,294.18","1,309.99","1,293.33","1,305.40","1,305.40","171,862,700"
12-Nov-20,"1,290.66","1,296.40","1,280.67","1,288.60","1,288.60","179,800,500"
11-Nov-20,"1,301.19","1,305.32","1,287.91","1,293.81","1,293.81","203,254,500"
10-Nov-20,"1,297.05","1,300.70","1,281.98","1,295.95","1,295.95","277,517,000"
9-Nov-20,"1,301.26","1,329.58","1,290.81","1,291.38","1,291.38","458,810,700"
6-Nov-20,"1,281.68","1,288.33","1,273.17","1,282.04","1,282.04","177,987,100"
5-Nov-20,"1,284.60","1,295.28","1,277.61","1,280.07","1,280.07","220,110,600"
4-Nov-20,"1,239.46","1,297.75","1,239.46","1,277.71","1,277.71","308,265,900"
3-Nov-20,"1,213.50","1,236.28","1,213.50","1,223.30","1,223.30","160,167,100"
2-Nov-20,"1,196.54","1,208.40","1,193.19","1,205.91","1,205.91","184,931,800"
30-Oct-20,"1,182.32","1,190.17","1,168.75","1,184.32","1,184.32","213,340,500"
29-Oct-20,"1,192.41","1,198.56","1,178.22","1,185.17","1,185.17","194,989,500"
28-Oct-20,"1,220.18","1,220.23","1,192.97","1,193.70","1,193.70","209,326,900"
27-Oct-20,"1,240.06","1,243.54","1,233.02","1,233.48","1,233.48","178,716,900"
26-Oct-20,"1,249.00","1,249.00","1,230.45","1,242.03","1,242.03","164,409,100"
23-Oct-20,"1,256.41","1,265.22","1,249.08","1,255.97","1,255.97","160,676,100"
22-Oct-20,"1,234.93","1,253.44","1,234.55","1,251.08","1,251.08","150,529,000"
21-Oct-20,"1,237.81","1,242.38","1,229.93","1,232.76","1,232.76","141,736,400"
20-Oct-20,"1,238.56","1,249.36","1,237.57","1,238.56","1,238.56","135,932,100"
19-Oct-20,"1,259.39","1,264.46","1,233.32","1,236.95","1,236.95","162,420,400"
16-Oct-20,"1,247.60","1,266.46","1,247.60","1,257.60","1,257.60","184,888,800"
15-Oct-20,"1,242.52","1,247.12","1,236.23","1,244.88","1,244.88","160,571,400"
14-Oct-20,"1,262.72","1,266.04","1,250.34","1,253.94","1,253.94","139,817,900"
13-Oct-20,"1,270.28","1,271.09","1,259.33","1,262.70","1,262.70","142,503,900"
12-Oct-20,"1,266.82","1,276.94","1,265.41","1,271.84","1,271.84","139,922,100"
9-Oct-20,"1,257.65","1,266.97","1,255.96","1,263.33","1,263.33","139,731,100"
8-Oct-20,"1,248.97","1,256.28","1,248.97","1,252.28","1,252.28","137,263,600"
7-Oct-20,"1,228.04","1,249.65","1,228.04","1,246.40","1,246.40","146,879,300"
6-Oct-20,"1,241.42","1,243.41","1,222.03","1,223.27","1,223.27","149,923,200"
5-Oct-20,"1,220.77","1,240.52","1,220.77","1,239.50","1,239.50","140,362,400"
2-Oct-20,"1,218.56","1,226.52","1,209.19","1,214.11","1,214.11","140,123,200"
1-Oct-20,"1,235.33","1,240.56","1,220.51","1,225.24","1,225.24","153,991,000"
30-Sep-20,"1,212.60","1,239.94","1,212.60","1,231.02","1,231.02","179,749,800"
29-Sep-20,"1,214.62","1,220.42","1,206.12","1,210.72","1,210.72","121,933,400"
28-Sep-20,"1,209.27","1,221.48","1,209.27","1,211.66","1,211.66","131,918,600"
25-Sep-20,"1,177.46","1,204.73","1,176.69","1,201.81","1,201.81","139,262,800"
24-Sep-20,"1,187.00","1,188.35","1,175.51","1,182.29","1,182.29","155,803,800"
23-Sep-20,"1,202.76","1,206.38","1,187.59","1,188.52","1,188.52","160,736,300"
22-Sep-20,"1,201.48","1,205.01","1,190.48","1,201.45","1,201.45","160,178,500"
21-Sep-20,"1,222.03","1,222.03","1,187.04","1,203.72","1,203.72","197,080,400"
18-Sep-20,"1,227.30","1,233.94","1,215.20","1,226.34","1,226.34","261,340,800"
17-Sep-20,"1,225.07","1,232.05","1,217.57","1,227.91","1,227.91","159,229,200"
16-Sep-20,"1,238.04","1,243.38","1,230.81","1,231.71","1,231.71","173,441,300"
15-Sep-20,"1,237.15","1,244.04","1,231.30","1,234.48","1,234.48","142,476,000"
14-Sep-20,"1,219.84","1,239.16","1,219.84","1,232.48","1,232.48","160,122,100"
11-Sep-20,"1,214.73","1,221.45","1,206.93","1,216.07","1,216.07","147,313,800"
10-Sep-20,"1,231.02","1,233.73","1,208.60","1,211.40","1,211.40","153,429,300"
9-Sep-20,"1,214.10","1,240.44","1,214.10","1,230.48","1,230.48","151,898,500"
8-Sep-20,"1,226.67","1,226.67","1,205.91","1,209.04","1,209.04","174,202,300"
4-Sep-20,"1,240.06","1,244.25","1,214.63","1,229.65","1,229.65","184,211,900"
3-Sep-20,"1,275.71","1,276.28","1,229.72","1,238.68","1,238.68","200,546,500"
2-Sep-20,"1,248.20","1,276.15","1,243.87","1,273.61","1,273.61","188,783,600"
1-Sep-20,"1,258.94","1,259.44","1,240.65","1,247.56","1,247.56","185,881,100"
31-Aug-20,"1,255.12","1,265.10","1,253.15","1,259.88","1,259.88","185,095,400"
28-Aug-20,"1,254.85","1,256.33","1,247.11","1,255.85","1,255.85","154,477,100"
27-Aug-20,"1,245.12","1,259.13","1,237.16","1,253.32","1,253.32","190,711,400"
26-Aug-20,"1,242.32","1,244.91","1,230.42","1,243.59","1,243.59","137,927,700"
25-Aug-20,"1,239.47","1,245.57","1,238.56","1,245.11","1,245.11","139,068,800"
24-Aug-20,"1,245.23","1,248.00","1,229.33","1,236.45","1,236.45","140,726,800"
21-Aug-20,"1,242.62","1,244.87","1,233.88","1,243.13","1,243.13","151,728,000"
20-Aug-20,"1,241.54","1,244.20","1,238.85","1,242.04","1,242.04","121,637,200"
19-Aug-20,"1,250.30","1,254.78","1,243.49","1,245.63","1,245.63","137,716,400"
18-Aug-20,"1,252.16","1,255.39","1,243.86","1,250.04","1,250.04","112,415,100"
17-Aug-20,"1,245.77","1,255.18","1,245.77","1,250.47","1,250.47","123,977,400"
14-Aug-20,"1,243.50","1,248.52","1,238.44","1,243.21","1,243.21","110,281,900"
13-Aug-20,"1,243.54","1,246.96","1,237.87","1,245.90","1,245.90","118,711,200"
12-Aug-20,"1,231.19","1,251.51","1,231.19","1,247.96","1,247.96","135,622,300"
11-Aug-20,"1,238.33","1,242.23","1,224.28","1,226.88","1,226.88","167,222,400"
10-Aug-20,"1,239.24","1,240.24","1,231.60","1,234.88","1,234.88","141,606,400"
7-Aug-20,"1,234.87","1,239.21","1,230.35","1,239.10","1,239.10","149,780,100"
6-Aug-20,"1,242.66","1,245.44","1,226.12","1,234.73","1,234.73","165,739,900"
5-Aug-20,"1,239.18","1,243.82","1,238.69","1,241.86","1,241.86","163,976,100"
4-Aug-20,"1,239.50","1,241.40","1,228.45","1,235.79","1,235.79","157,629,900"
3-Aug-20,"1,234.02","1,245.38","1,234.02","1,241.39","1,241.39","173,233,300"
31-Jul-20,"1,233.59","1,234.93","1,212.97","1,228.58","1,228.58","198,475,300"
30-Jul-20,"1,236.68","1,237.97","1,223.14","1,235.39","1,235.39","159,829,500"
29-Jul-20,"1,234.75","1,250.08","1,234.65","1,244.95","1,244.95","178,128,400"
28-Jul-20,"1,234.65","1,239.86","1,230.22","1,231.63","1,231.63","174,252,200"
27-Jul-20,"1,221.28","1,236.43","1,219.67","1,233.39","1,233.39","151,744,700"
24-Jul-20,"1,238.63","1,238.63","1,216.56","1,224.52","1,224.52","157,395,500"
23-Jul-20,"1,246.21","1,252.38","1,233.98","1,238.28","1,238.28","186,069,500"
22-Jul-20,"1,238.07","1,245.50","1,231.73","1,243.35","1,243.35","203,727,700"
21-Jul-20,"1,234.82","1,242.32","1,230.18","1,232.87","1,232.87","145,206,800"
20-Jul-20,"1,236.35","1,240.75","1,229.72","1,233.55","1,233.55","148,808,100"
17-Jul-20,"1,221.95","1,237.75","1,221.74","1,233.67","1,233.67","166,856,600"
16-Jul-20,"1,216.90","1,217.59","1,208.61","1,217.06","1,217.06","132,124,800"
15-Jul-20,"1,211.63","1,222.22","1,210.16","1,219.14","1,219.14","169,326,600"
14-Jul-20,"1,177.70","1,205.19","1,174.68","1,203.28","1,203.28","168,604,900"
13-Jul-20,"1,177.23","1,202.37","1,177.23","1,180.18","1,180.18","198,774,000"
10-Jul-20,"1,177.50","1,179.07","1,165.48","1,173.97","1,173.97","138,011,200"
9-Jul-20,"1,185.96","1,189.29","1,162.44","1,176.56","1,176.56","155,620,300"
8-Jul-20,"1,188.30","1,193.69","1,178.59","1,186.27","1,186.27","159,557,000"
7-Jul-20,"1,190.01","1,200.34","1,184.51","1,186.07","1,186.07","153,734,200"
6-Jul-20,"1,191.49","1,203.18","1,191.01","1,196.34","1,196.34","155,716,000"
2-Jul-20,"1,181.32","1,190.99","1,181.32","1,184.43","1,184.43","160,553,600"
1-Jul-20,"1,172.84","1,180.64","1,165.62","1,176.09","1,176.09","204,948,900"
30-Jun-20,"1,147.26","1,172.72","1,144.78","1,167.80","1,167.80","183,201,500"
29-Jun-20,"1,142.62","1,149.17","1,137.27","1,147.04","1,147.04","158,064,100"
26-Jun-20,"1,150.53","1,151.83","1,131.86","1,137.37","1,137.37","319,757,600"
25-Jun-20,"1,139.73","1,152.22","1,129.83","1,151.43","1,151.43","180,123,800"
24-Jun-20,"1,164.93","1,164.93","1,132.21","1,139.72","1,139.72","208,806,600"
23-Jun-20,"1,169.03","1,180.76","1,168.73","1,170.82","1,170.82","180,574,700"
22-Jun-20,"1,167.49","1,167.49","1,154.09","1,165.74","1,165.74","169,898,300"
19-Jun-20,"1,164.37","1,176.95","1,158.59","1,169.95","1,169.95","334,909,300"
18-Jun-20,"1,157.66","1,161.88","1,152.51","1,159.85","1,159.85","162,196,200"
17-Jun-20,"1,168.05","1,172.26","1,160.18","1,163.36","1,163.36","163,830,200"
16-Jun-20,"1,152.00","1,171.69","1,146.58","1,164.27","1,164.27","241,735,600"
15-Jun-20,"1,123.56","1,142.93","1,109.00","1,136.59","1,136.59","213,871,500"
12-Jun-20,"1,141.43","1,153.78","1,114.88","1,134.51","1,134.51","223,527,500"
11-Jun-20,"1,188.93","1,188.93","1,123.82","1,126.67","1,126.67","280,715,200"
10-Jun-20,"1,199.67","1,203.36","1,188.70","1,193.84","1,193.84","192,885,300"
9-Jun-20,"1,207.67","1,211.56","1,194.48","1,195.49","1,195.49","174,725,400"
8-Jun-20,"1,198.65","1,208.68","1,192.38","1,208.56","1,208.56","205,147,300"
5-Jun-20,"1,184.12","1,209.37","1,183.26","1,200.89","1,200.89","233,602,000"
4-Jun-20,"1,188.23","1,191.09","1,173.63","1,181.32","1,181.32","188,019,500"
3-Jun-20,"1,195.63","1,197.45","1,185.72","1,190.92","1,190.92","200,419,600"
2-Jun-20,"1,186.40","1,193.38","1,179.68","1,193.30","1,193.30","207,745,200"
1-Jun-20,"1,189.26","1,191.59","1,178.53","1,186.09","1,186.09","207,247,400"
29-May-20,"1,186.81","1,199.83","1,172.86","1,198.14","1,198.14","300,284,800"
28-May-20,"1,177.02","1,195.31","1,177.02","1,183.11","1,183.11","189,883,600"
27-May-20,"1,156.87","1,168.41","1,140.49","1,168.41","1,168.41","217,643,900"
26-May-20,"1,168.30","1,176.24","1,154.55","1,156.27","1,156.27","219,321,800"
22-May-20,"1,155.46","1,159.05","1,150.04","1,158.51","1,158.51","161,611,300"
21-May-20,"1,164.38","1,164.38","1,150.31","1,156.32","1,156.32","184,265,100"
20-May-20,"1,170.98","1,176.99","1,162.86","1,165.78","1,165.78","188,775,300"
19-May-20,"1,176.40","1,180.29","1,163.99","1,164.35","1,164.35","171,014,400"
18-May-20,"1,184.38","1,195.68","1,177.61","1,178.58","1,178.58","215,584,200"
15-May-20,"1,156.04","1,169.35","1,152.90","1,167.63","1,167.63","255,681,700"
14-May-20,"1,139.46","1,159.19","1,135.58","1,159.19","1,159.19","199,085,400"
13-May-20,"1,158.24","1,166.32","1,137.47","1,146.87","1,146.87","221,814,000"
12-May-20,"1,181.12","1,184.83","1,159.42","1,159.62","1,159.62","198,674,700"
11-May-20,"1,155.61","1,179.33","1,153.39","1,177.17","1,177.17","201,823,500"
8-May-20,"1,159.49","1,163.13","1,153.66","1,157.47","1,157.47","189,083,000"
7-May-20,"1,158.87","1,162.12","1,150.00","1,151.26","1,151.26","211,897,400"
6-May-20,"1,166.50","1,169.40","1,151.78","1,151.78","1,151.78","201,439,300"
5-May-20,"1,148.02","1,171.79","1,146.61","1,163.21","1,163.21","186,648,200"
4-May-20,"1,137.80","1,141.18","1,128.83","1,138.72","1,138.72","170,596,600"
1-May-20,"1,152.53","1,152.53","1,129.42","1,137.89","1,137.89","206,015,100"
30-Apr-20,"1,164.30","1,169.13","1,155.80","1,162.03","1,162.03","277,539,600"
29-Apr-20,"1,168.07","1,175.63","1,159.97","1,167.15","1,167.15","275,088,200"
28-Apr-20,"1,187.96","1,189.93","1,157.76","1,158.58","1,158.58","222,536,100"
27-Apr-20,"1,173.44","1,188.11","1,173.44","1,183.79","1,183.79","195,756,500"
24-Apr-20,"1,158.91","1,170.04","1,152.10","1,168.43","1,168.43","180,275,000"
23-Apr-20,"1,151.80","1,170.34","1,151.09","1,151.83","1,151.83","246,943,000"
22-Apr-20,"1,143.09","1,151.70","1,138.48","1,146.31","1,146.31","201,657,600"
21-Apr-20,"1,150.26","1,150.72","1,126.93","1,128.23","1,128.23","227,782,600"
20-Apr-20,"1,167.64","1,181.29","1,160.96","1,164.79","1,164.79","225,004,900"
17-Apr-20,"1,170.26","1,175.80","1,157.87","1,173.93","1,173.93","322,722,700"
16-Apr-20,"1,133.15","1,152.86","1,130.59","1,150.15","1,150.15","228,726,500"
15-Apr-20,"1,121.34","1,131.75","1,110.27","1,125.42","1,125.42","204,613,400"
14-Apr-20,"1,111.73","1,135.12","1,111.73","1,131.35","1,131.35","211,996,000"
13-Apr-20,"1,105.03","1,105.03","1,080.29","1,095.15","1,095.15","184,233,900"
9-Apr-20,"1,100.14","1,111.56","1,095.56","1,106.01","1,106.01","242,541,900"
8-Apr-20,"1,061.43","1,105.40","1,051.62","1,099.88","1,099.88","230,605,200"
7-Apr-20,"1,085.42","1,093.29","1,055.00","1,055.49","1,055.49","263,017,900"
6-Apr-20,"1,037.88","1,070.40","1,037.88","1,065.43","1,065.43","289,699,800"
3-Apr-20,"1,014.30","1,025.71","1,000.11","1,010.87","1,010.87","222,365,700"
2-Apr-20,"988.14","1,022.95","978.9","1,020.68","1,020.68","240,211,600"
1-Apr-20,"1,002.69","1,007.31","984.01","993.02","993.02","236,572,800"
31-Mar-20,"1,033.82","1,043.52","1,022.32","1,032.90","1,032.90","319,522,200"
30-Mar-20,"1,007.29","1,038.81","1,007.29","1,036.98","1,036.98","295,893,000"
27-Mar-20,"995.14","1,016.60","983.05","990.69","990.69","268,403,500"
26-Mar-20,"957.61","1,017.92","956.09","1,015.18","1,015.18","330,854,600"
25-Mar-20,"932.73","980.18","922",948.94,"948.94","364,879,600"
24-Mar-20,"906.88","938.93","904.89",937.08,"937.08","348,869,800"
23-Mar-20,"910.67","910.67","858",870.99,"870.99","373,169,300"
20-Mar-20,"959.3","972.95","913.28",916.59,"916.59","407,747,600"
19-Mar-20,"972.32","977.11","945.31",955.54,"955.54","381,941,000"
18-Mar-20,"975.93","989.18","927.01",973.71,"973.71","406,540,900"
17-Mar-20,"957.64","1,015.43","955.62","1,007.95","1,007.95","401,734,900"
16-Mar-20,"998.1","1,009.73","946.02","948.61","948.61","376,472,700"
13-Mar-20,"1,008.22","1,054.25","976.77","1,053.92","1,053.92","411,012,600"
12-Mar-20,"1,032.24","1,040.74","983","985.4","985.4","425,939,600"
11-Mar-20,"1,089.53","1,089.53","1,051.20","1,064.27","1,064.27","351,185,300"
10-Mar-20,"1,112.70","1,112.70","1,057.01","1,107.57","1,107.57","326,378,600"
9-Mar-20,"1,112.70","1,112.70","1,059.92","1,070.44","1,070.44","353,901,300"
6-Mar-20,"1,117.35","1,133.04","1,099.87","1,129.02","1,129.02","324,207,700"
5-Mar-20,"1,147.52","1,152.39","1,122.56","1,134.90","1,134.90","283,953,100"
4-Mar-20,"1,125.19","1,163.99","1,125.19","1,162.75","1,162.75","321,831,000"
3-Mar-20,"1,129.71","1,148.88","1,084.37","1,098.88","1,098.88","320,975,000"
2-Mar-20,"1,079.05","1,127.62","1,073.26","1,127.57","1,127.57","331,757,300"
28-Feb-20,"1,071.03","1,076.21","1,046.39","1,075.66","1,075.66","442,080,300"
27-Feb-20,"1,120.15","1,131.20","1,090.74","1,091.03","1,091.03","351,727,300"
26-Feb-20,"1,134.65","1,148.58","1,126.78","1,128.63","1,128.63","263,536,400"
25-Feb-20,"1,167.11","1,169.88","1,125.32","1,129.79","1,129.79","276,840,100"
24-Feb-20,"1,190.90","1,190.90","1,159.05","1,164.14","1,164.14","256,180,700"
21-Feb-20,"1,200.16","1,204.40","1,194.05","1,203.41","1,203.41","175,005,700"
20-Feb-20,"1,208.03","1,208.69","1,192.16","1,203.03","1,203.03","176,688,000"
19-Feb-20,"1,207.81","1,212.18","1,207.06","1,210.55","1,210.55","154,141,200"
18-Feb-20,"1,208.37","1,210.65","1,201.03","1,205.08","1,205.08","174,536,600"
14-Feb-20,"1,209.08","1,209.54","1,203.35","1,209.53","1,209.53","157,748,000"
13-Feb-20,"1,209.57","1,213.16","1,205.74","1,207.93","1,207.93","178,470,600"
12-Feb-20,"1,215.60","1,219.87","1,209.69","1,214.51","1,214.51","206,225,100"
11-Feb-20,"1,208.68","1,213.92","1,207.73","1,212.83","1,212.83","153,550,400"
10-Feb-20,"1,194.57","1,205.45","1,193.97","1,205.41","1,205.41","181,177,400"
7-Feb-20,"1,208.75","1,210.04","1,197.61","1,199.27","1,199.27","193,759,200"
6-Feb-20,"1,213.31","1,213.98","1,203.71","1,209.05","1,209.05","204,505,700"
5-Feb-20,"1,191.00","1,211.81","1,189.71","1,207.71","1,207.71","239,323,700"
4-Feb-20,"1,173.52","1,189.56","1,173.52","1,184.41","1,184.41","190,636,800"
3-Feb-20,"1,161.11","1,172.63","1,161.11","1,164.64","1,164.64","207,902,400"
31-Jan-20,"1,172.33","1,173.20","1,150.37","1,153.96","1,153.96","228,459,400"
30-Jan-20,"1,179.38","1,179.38","1,167.34","1,177.34","1,177.34","199,618,700"
29-Jan-20,"1,192.02","1,195.07","1,186.44","1,186.54","1,186.54","166,189,700"
28-Jan-20,"1,186.08","1,194.69","1,184.35","1,189.86","1,189.86","202,157,900"
27-Jan-20,"1,184.04","1,188.65","1,179.11","1,184.21","1,184.21","200,245,000"
24-Jan-20,"1,214.67","1,214.97","1,190.33","1,193.25","1,193.25","211,279,800"
23-Jan-20,"1,217.65","1,218.28","1,205.42","1,213.60","1,213.60","192,335,700"
22-Jan-20,"1,219.24","1,223.74","1,218.10","1,219.64","1,219.64","162,767,200"
21-Jan-20,"1,215.49","1,220.99","1,214.10","1,218.20","1,218.20","191,809,100"
17-Jan-20,"1,218.04","1,218.98","1,214.59","1,217.69","1,217.69","188,526,800"
16-Jan-20,"1,214.87","1,217.77","1,211.06","1,216.96","1,216.96","148,552,300"
15-Jan-20,"1,201.23","1,213.83","1,201.23","1,210.62","1,210.62","170,769,800"
14-Jan-20,"1,189.92","1,200.59","1,187.92","1,200.43","1,200.43","205,467,500"
13-Jan-20,"1,198.14","1,198.72","1,189.82","1,193.90","1,193.90","160,276,200"
10-Jan-20,"1,201.40","1,204.15","1,196.19","1,198.13","1,198.13","136,487,000"
9-Jan-20,"1,194.14","1,200.93","1,193.97","1,197.64","1,197.64","160,163,500"
8-Jan-20,"1,185.38","1,197.80","1,184.71","1,192.03","1,192.03","168,243,800"
7-Jan-20,"1,184.56","1,185.90","1,178.59","1,184.41","1,184.41","150,392,100"
6-Jan-20,"1,176.88","1,187.54","1,175.34","1,187.27","1,187.27","140,358,300"
3-Jan-20,"1,178.35","1,186.62","1,173.23","1,180.33","1,180.33","129,616,800"
2-Jan-20,"1,190.89","1,191.18","1,181.81","1,190.45","1,190.45","140,343,000"